username,first_name,last_name,email,password
qlyons,Cody,Williamson,susan07@example.org,_90F+kkDX+
sharprobin,Kelly,Chen,cclarke@example.com,+5GcpTup#W
santosisabel,Michelle,Woodard,pfuller@example.com,4%0qP9gdE!
efletcher,Lisa,Ochoa,john69@example.net,@24!JZVoAp
grahamkristina,Patricia,Wood,oscarbailey@example.com,^l$97CexnT
charleswarren,Brandi,Ford,xelliott@example.org,*7Jp(eaPd5
brandon52,Eric,Edwards,karenmcdaniel@example.com,5Z^D0oPmP&
kenneth23,Daniel,Rogers,rosebenjamin@example.com,I&0_Yk(PE$
vjohnson,Regina,Fuller,robert98@example.net,TZ$4OfRLpH
adam95,Patrick,Nguyen,megan15@example.net,+433^eEvm4
